{
  "country-capital": {
    "zs": 0.04081632653061224,
    "icl_mean": 0.9115646258503401,
    "icl_all": [
      0.9183673469387755,
      0.9183673469387755,
      0.8979591836734694
    ],
    "family": "knowledge"
  },
  "country-currency": {
    "zs": 0.0,
    "icl_mean": 0.5850340136054423,
    "icl_all": [
      0.6326530612244898,
      0.6122448979591837,
      0.5102040816326531
    ],
    "family": "knowledge"
  },
  "landmark-country": {
    "zs": 0.0,
    "icl_mean": 0.7799999999999999,
    "icl_all": [
      0.8,
      0.78,
      0.76
    ],
    "family": "knowledge"
  },
  "park-country": {
    "zs": 0.0,
    "icl_mean": 0.58,
    "icl_all": [
      0.58,
      0.58,
      0.58
    ],
    "family": "knowledge"
  },
  "person-occupation": {
    "zs": 0.0,
    "icl_mean": 0.41333333333333333,
    "icl_all": [
      0.36,
      0.42,
      0.46
    ],
    "family": "knowledge"
  },
  "person-sport": {
    "zs": 0.0,
    "icl_mean": 0.86,
    "icl_all": [
      0.9,
      0.84,
      0.84
    ],
    "family": "knowledge"
  },
  "person-instrument": {
    "zs": 0.0,
    "icl_mean": 0.5933333333333334,
    "icl_all": [
      0.62,
      0.56,
      0.6
    ],
    "family": "knowledge"
  },
  "product-company": {
    "zs": 0.0,
    "icl_mean": 0.7666666666666666,
    "icl_all": [
      0.76,
      0.78,
      0.76
    ],
    "family": "knowledge"
  },
  "antonym": {
    "zs": 0.04,
    "icl_mean": 0.6466666666666666,
    "icl_all": [
      0.66,
      0.62,
      0.66
    ],
    "family": "linguistic"
  },
  "synonym": {
    "zs": 0.0,
    "icl_mean": 0.44,
    "icl_all": [
      0.46,
      0.42,
      0.44
    ],
    "family": "linguistic"
  },
  "present-past": {
    "zs": 0.02,
    "icl_mean": 0.96,
    "icl_all": [
      0.96,
      0.94,
      0.98
    ],
    "family": "linguistic"
  },
  "singular-plural": {
    "zs": 0.06,
    "icl_mean": 0.98,
    "icl_all": [
      0.98,
      0.98,
      0.98
    ],
    "family": "linguistic"
  },
  "capitalize": {
    "zs": 0.58,
    "icl_mean": 1.0,
    "icl_all": [
      1.0,
      1.0,
      1.0
    ],
    "family": "linguistic"
  },
  "capitalize-first-letter": {
    "zs": 0.0,
    "icl_mean": 0.98,
    "icl_all": [
      0.98,
      0.98,
      0.98
    ],
    "family": "linguistic"
  },
  "capitalize-last-letter": {
    "zs": 0.0,
    "icl_mean": 0.22666666666666666,
    "icl_all": [
      0.26,
      0.24,
      0.18
    ],
    "family": "linguistic"
  },
  "lowercase-first-letter": {
    "zs": 0.06,
    "icl_mean": 0.9866666666666667,
    "icl_all": [
      0.98,
      0.98,
      1.0
    ],
    "family": "linguistic"
  },
  "english-french": {
    "zs": 0.0,
    "icl_mean": 0.7200000000000001,
    "icl_all": [
      0.68,
      0.76,
      0.72
    ],
    "family": "translation"
  },
  "english-german": {
    "zs": 0.0,
    "icl_mean": 0.7466666666666667,
    "icl_all": [
      0.76,
      0.76,
      0.72
    ],
    "family": "translation"
  },
  "english-spanish": {
    "zs": 0.0,
    "icl_mean": 0.7933333333333333,
    "icl_all": [
      0.8,
      0.78,
      0.8
    ],
    "family": "translation"
  },
  "next-item": {
    "zs": 0.02,
    "icl_mean": 0.9666666666666667,
    "icl_all": [
      1.0,
      0.96,
      0.94
    ],
    "family": "algorithmic"
  },
  "prev-item": {
    "zs": 0.0,
    "icl_mean": 0.9866666666666667,
    "icl_all": [
      0.96,
      1.0,
      1.0
    ],
    "family": "algorithmic"
  },
  "next-capital-letter": {
    "zs": 0.0,
    "icl_mean": 0.10666666666666667,
    "icl_all": [
      0.1,
      0.1,
      0.12
    ],
    "family": "algorithmic"
  },
  "word-length": {
    "zs": 0.0,
    "icl_mean": 0.6333333333333333,
    "icl_all": [
      0.68,
      0.62,
      0.6
    ],
    "family": "algorithmic"
  },
  "alphabetically-first": {
    "zs": 0.0,
    "icl_mean": 0.19333333333333336,
    "icl_all": [
      0.2,
      0.18,
      0.2
    ],
    "family": "algorithmic"
  },
  "alphabetically-last": {
    "zs": 0.0,
    "icl_mean": 0.24000000000000002,
    "icl_all": [
      0.16,
      0.28,
      0.28
    ],
    "family": "algorithmic"
  },
  "choose-first-of-list": {
    "zs": 0.02,
    "icl_mean": 0.94,
    "icl_all": [
      0.94,
      0.98,
      0.9
    ],
    "family": "algorithmic"
  },
  "choose-last-of-list": {
    "zs": 0.0,
    "icl_mean": 0.5733333333333334,
    "icl_all": [
      0.5,
      0.58,
      0.64
    ],
    "family": "algorithmic"
  },
  "choose-middle-of-list": {
    "zs": 0.0,
    "icl_mean": 0.2733333333333334,
    "icl_all": [
      0.28,
      0.26,
      0.28
    ],
    "family": "algorithmic"
  }
}