{
  "country-capital": {
    "zs": 0.04081632653061224,
    "icl_mean": 0.9115646258503401,
    "icl_all": [
      0.9183673469387755,
      0.9183673469387755,
      0.8979591836734694
    ],
    "family": "knowledge"
  },
  "country-currency": {
    "zs": 0.0,
    "icl_mean": 0.5850340136054423,
    "icl_all": [
      0.6326530612244898,
      0.6122448979591837,
      0.5102040816326531
    ],
    "family": "knowledge"
  },
  "landmark-country": {
    "zs": 0.0,
    "icl_mean": 0.7799999999999999,
    "icl_all": [
      0.8,
      0.78,
      0.76
    ],
    "family": "knowledge"
  },
  "park-country": {
    "zs": 0.0,
    "icl_mean": 0.58,
    "icl_all": [
      0.58,
      0.58,
      0.58
    ],
    "family": "knowledge"
  },
  "person-occupation": {
    "zs": 0.0,
    "icl_mean": 0.41333333333333333,
    "icl_all": [
      0.36,
      0.42,
      0.46
    ],
    "family": "knowledge"
  },
  "person-sport": {
    "zs": 0.0,
    "icl_mean": 0.86,
    "icl_all": [
      0.9,
      0.84,
      0.84
    ],
    "family": "knowledge"
  }
}