{
  "agg": {
    "6,1.0": -0.024839130424939154,
    "6,2.0": -0.029152449955649987,
    "6,3.0": -0.03708895789215792,
    "8,1.0": -0.0053429261461261845,
    "8,2.0": -0.0053429261461261845,
    "8,3.0": -0.0053429261461261845,
    "10,1.0": -0.02121594201914205,
    "10,2.0": -0.02121594201914205,
    "10,3.0": -0.0053429261461261845,
    "12,1.0": 0.0025935817903817576,
    "12,2.0": 0.010530089726889699,
    "12,3.0": 0.026403105599905566,
    "14,1.0": -0.04433533470375212,
    "14,2.0": -0.07970455485558096,
    "14,3.0": -0.11938709453812067,
    "16,1.0": -0.013279434082634106,
    "16,2.0": -0.0529619737651738,
    "16,3.0": -0.09195438232279972,
    "18,1.0": 0.04048443489862618,
    "18,2.0": -0.0169191933110817,
    "18,3.0": 0.0004955320842270072,
    "20,1.0": 0.1350205001993092,
    "20,2.0": 0.10162783652495537,
    "20,3.0": 0.09742488847104545,
    "22,1.0": 0.08649984359009122,
    "22,2.0": 0.09243523296087557,
    "22,3.0": 0.06192046502868188,
    "24,1.0": 0.09274404279634078,
    "24,2.0": 0.04675330031981944,
    "24,3.0": -0.0009500974277176052
  },
  "best": "20,1.0",
  "best_layer": 20,
  "best_gamma": 1.0
}