{
  "country-capital": {
    "zs": 0.02040816326530612,
    "icl_mean": 0.9455782312925171,
    "icl_all": [
      0.9387755102040817,
      0.9591836734693877,
      0.9387755102040817
    ],
    "family": "knowledge"
  },
  "country-currency": {
    "zs": 0.0,
    "icl_mean": 0.6802721088435373,
    "icl_all": [
      0.7551020408163265,
      0.673469387755102,
      0.6122448979591837
    ],
    "family": "knowledge"
  },
  "landmark-country": {
    "zs": 0.0,
    "icl_mean": 0.8866666666666667,
    "icl_all": [
      0.86,
      0.9,
      0.9
    ],
    "family": "knowledge"
  },
  "park-country": {
    "zs": 0.0,
    "icl_mean": 0.8333333333333334,
    "icl_all": [
      0.84,
      0.84,
      0.82
    ],
    "family": "knowledge"
  },
  "person-occupation": {
    "zs": 0.0,
    "icl_mean": 0.5866666666666668,
    "icl_all": [
      0.54,
      0.62,
      0.6
    ],
    "family": "knowledge"
  },
  "person-sport": {
    "zs": 0.0,
    "icl_mean": 0.9666666666666667,
    "icl_all": [
      0.98,
      0.96,
      0.96
    ],
    "family": "knowledge"
  },
  "person-instrument": {
    "zs": 0.0,
    "icl_mean": 0.7666666666666666,
    "icl_all": [
      0.74,
      0.78,
      0.78
    ],
    "family": "knowledge"
  },
  "product-company": {
    "zs": 0.04,
    "icl_mean": 0.9266666666666667,
    "icl_all": [
      0.9,
      0.92,
      0.96
    ],
    "family": "knowledge"
  },
  "antonym": {
    "zs": 0.0,
    "icl_mean": 0.68,
    "icl_all": [
      0.7,
      0.7,
      0.64
    ],
    "family": "linguistic"
  },
  "synonym": {
    "zs": 0.32,
    "icl_mean": 0.5866666666666667,
    "icl_all": [
      0.62,
      0.58,
      0.56
    ],
    "family": "linguistic"
  },
  "present-past": {
    "zs": 0.0,
    "icl_mean": 1.0,
    "icl_all": [
      1.0,
      1.0,
      1.0
    ],
    "family": "linguistic"
  },
  "singular-plural": {
    "zs": 0.04,
    "icl_mean": 0.9733333333333333,
    "icl_all": [
      0.98,
      0.96,
      0.98
    ],
    "family": "linguistic"
  },
  "capitalize": {
    "zs": 0.32,
    "icl_mean": 1.0,
    "icl_all": [
      1.0,
      1.0,
      1.0
    ],
    "family": "linguistic"
  },
  "capitalize-first-letter": {
    "zs": 0.48,
    "icl_mean": 1.0,
    "icl_all": [
      1.0,
      1.0,
      1.0
    ],
    "family": "linguistic"
  },
  "capitalize-last-letter": {
    "zs": 0.1,
    "icl_mean": 0.52,
    "icl_all": [
      0.48,
      0.56,
      0.52
    ],
    "family": "linguistic"
  },
  "lowercase-first-letter": {
    "zs": 0.4,
    "icl_mean": 0.9933333333333333,
    "icl_all": [
      1.0,
      0.98,
      1.0
    ],
    "family": "linguistic"
  },
  "english-french": {
    "zs": 0.0,
    "icl_mean": 0.7866666666666667,
    "icl_all": [
      0.8,
      0.78,
      0.78
    ],
    "family": "translation"
  },
  "english-german": {
    "zs": 0.0,
    "icl_mean": 0.7533333333333333,
    "icl_all": [
      0.72,
      0.78,
      0.76
    ],
    "family": "translation"
  },
  "english-spanish": {
    "zs": 0.0,
    "icl_mean": 0.8933333333333334,
    "icl_all": [
      0.9,
      0.9,
      0.88
    ],
    "family": "translation"
  }
}