{
  "layer": 16,
  "r0=0": {
    "median_cos": 0.33579269814919877,
    "mean_cos": 0.3863817006909772,
    "mu_B": 0.996392797644953,
    "median_mu": 0.5520982108791075,
    "mean_rank": 15.0625,
    "sum_rank": 482
  },
  "r0=1": {
    "median_cos": 0.18353195263699013,
    "mean_cos": 0.24331448295002353,
    "mu_B": 0.9904944691543965,
    "median_mu": 0.545892299330879,
    "mean_rank": 16.0,
    "sum_rank": 512
  },
  "r0=2": {
    "median_cos": 0.10410695580515775,
    "mean_cos": 0.15672718489276846,
    "mu_B": 0.9481960371998572,
    "median_mu": 0.5364528527945013,
    "mean_rank": 16.0,
    "sum_rank": 512
  },
  "r0=4": {
    "median_cos": 0.0862831214298621,
    "mean_cos": 0.1338948823277964,
    "mu_B": 0.9445847372759828,
    "median_mu": 0.5348886410054359,
    "mean_rank": 16.0,
    "sum_rank": 512
  },
  "r0=8": {
    "median_cos": 0.06799234635215325,
    "mean_cos": 0.11539574920374954,
    "mu_B": 0.9429790663285049,
    "median_mu": 0.514339194390133,
    "mean_rank": 16.0,
    "sum_rank": 512
  },
  "r0=16": {
    "median_cos": 0.07457385561973744,
    "mean_cos": 0.19356563126799559,
    "mu_B": 0.9785081881083507,
    "median_mu": 0.516565115848068,
    "mean_rank": 16.0,
    "sum_rank": 512
  }
}