tau,acc,cost,frac_icl
0.0,0.776016156462585,130.6,1.0
0.5,0.776016156462585,130.6,1.0
0.6,0.691391156462585,101.12774999999999,0.75
0.7,0.5851828231292517,75.33953125,0.53125
0.75,0.49034948979591836,42.18325,0.25
0.8,0.47168452380952386,34.8151875,0.1875
0.85,0.4226845238095238,20.0790625,0.0625
0.9,0.42255952380952383,16.39503125,0.03125
0.95,0.3977678571428572,12.711,0.0
1.01,0.3977678571428572,12.711,0.0
