{
  "agg": {
    "6,1.0": 0.007637163670049263,
    "6,2.0": 0.009936271159181376,
    "6,3.0": 0.03132664549073217,
    "8,1.0": 0.03648048338877427,
    "8,2.0": 0.060169965209457194,
    "8,3.0": 0.02273681012924327,
    "10,1.0": 0.06216577540106953,
    "10,2.0": 0.14635348212247845,
    "10,3.0": 0.26062020753854953,
    "12,1.0": 0.1553262119661776,
    "12,2.0": 0.3240870598198527,
    "12,3.0": 0.2518285883082885,
    "14,1.0": 0.2657648376792041,
    "14,2.0": 0.3965085166177503,
    "14,3.0": 0.26468809478065314,
    "16,1.0": 0.27125499724525093,
    "16,2.0": 0.4378877028089653,
    "16,3.0": 0.3859295663858349,
    "18,1.0": 0.28671909218585756,
    "18,2.0": 0.3087980892573473,
    "18,3.0": 0.12819237727143276,
    "20,1.0": 0.19688520381894542,
    "20,2.0": 0.09735890063973308,
    "20,3.0": -0.037784445064799374,
    "22,1.0": 0.1404455072682082,
    "22,2.0": 0.04355841396123236,
    "22,3.0": -0.05279701063624606,
    "24,1.0": 0.10145234665392672,
    "24,2.0": 0.012628459490652373,
    "24,3.0": -0.06032052160803289
  },
  "best": "16,2.0",
  "best_layer": 16,
  "best_gamma": 2.0
}