{
  "antonym": {
    "zs": 0.0,
    "icl": 0.7,
    "inj": {
      "6": 0.0,
      "9": 0.0,
      "12": 0.26666666666666666,
      "14": 0.23333333333333334,
      "16": 0.03333333333333333,
      "20": 0.0,
      "24": 0.03333333333333333
    },
    "best_layer": 12,
    "recovery": 0.380952380952381
  },
  "country-capital": {
    "zs": 0.0,
    "icl": 0.9333333333333333,
    "inj": {
      "6": 0.0,
      "9": 0.0,
      "12": 0.26666666666666666,
      "14": 0.5,
      "16": 0.36666666666666664,
      "20": 0.03333333333333333,
      "24": 0.0
    },
    "best_layer": 14,
    "recovery": 0.5357142857142857
  },
  "english-french": {
    "zs": 0.0,
    "icl": 0.7333333333333333,
    "inj": {
      "6": 0.0,
      "9": 0.0,
      "12": 0.0,
      "14": 0.0,
      "16": 0.0,
      "20": 0.0,
      "24": 0.0
    },
    "best_layer": 6,
    "recovery": 0.0
  },
  "present-past": {
    "zs": 0.0,
    "icl": 1.0,
    "inj": {
      "6": 0.0,
      "9": 0.03333333333333333,
      "12": 0.03333333333333333,
      "14": 0.2,
      "16": 0.6666666666666666,
      "20": 0.8,
      "24": 0.6
    },
    "best_layer": 20,
    "recovery": 0.8
  },
  "choose-first-of-list": {
    "zs": 0.13333333333333333,
    "icl": 1.0,
    "inj": {
      "6": 0.13333333333333333,
      "9": 0.1,
      "12": 0.13333333333333333,
      "14": 0.13333333333333333,
      "16": 0.43333333333333335,
      "20": 0.3,
      "24": 0.06666666666666667
    },
    "best_layer": 16,
    "recovery": 0.3461538461538462
  }
}