{
  "country-capital": {
    "zs": 0.04081632653061224,
    "icl_mean": 0.9387755102040817,
    "icl_all": [
      0.9387755102040817,
      0.9591836734693877,
      0.9183673469387755
    ],
    "family": "knowledge"
  },
  "country-currency": {
    "zs": 0.0,
    "icl_mean": 0.619047619047619,
    "icl_all": [
      0.6938775510204082,
      0.5918367346938775,
      0.5714285714285714
    ],
    "family": "knowledge"
  },
  "landmark-country": {
    "zs": 0.0,
    "icl_mean": 0.86,
    "icl_all": [
      0.84,
      0.86,
      0.88
    ],
    "family": "knowledge"
  },
  "park-country": {
    "zs": 0.0,
    "icl_mean": 0.8000000000000002,
    "icl_all": [
      0.8,
      0.8,
      0.8
    ],
    "family": "knowledge"
  },
  "person-occupation": {
    "zs": 0.0,
    "icl_mean": 0.52,
    "icl_all": [
      0.46,
      0.52,
      0.58
    ],
    "family": "knowledge"
  },
  "person-sport": {
    "zs": 0.0,
    "icl_mean": 0.9533333333333333,
    "icl_all": [
      0.96,
      0.94,
      0.96
    ],
    "family": "knowledge"
  },
  "person-instrument": {
    "zs": 0.0,
    "icl_mean": 0.7600000000000001,
    "icl_all": [
      0.74,
      0.82,
      0.72
    ],
    "family": "knowledge"
  },
  "product-company": {
    "zs": 0.0,
    "icl_mean": 0.8666666666666667,
    "icl_all": [
      0.84,
      0.86,
      0.9
    ],
    "family": "knowledge"
  },
  "antonym": {
    "zs": 0.02,
    "icl_mean": 0.6,
    "icl_all": [
      0.58,
      0.6,
      0.62
    ],
    "family": "linguistic"
  },
  "synonym": {
    "zs": 0.0,
    "icl_mean": 0.3666666666666667,
    "icl_all": [
      0.4,
      0.38,
      0.32
    ],
    "family": "linguistic"
  },
  "present-past": {
    "zs": 0.02,
    "icl_mean": 0.9866666666666667,
    "icl_all": [
      0.98,
      0.98,
      1.0
    ],
    "family": "linguistic"
  },
  "singular-plural": {
    "zs": 0.02,
    "icl_mean": 0.9666666666666667,
    "icl_all": [
      0.98,
      0.96,
      0.96
    ],
    "family": "linguistic"
  },
  "capitalize": {
    "zs": 0.78,
    "icl_mean": 1.0,
    "icl_all": [
      1.0,
      1.0,
      1.0
    ],
    "family": "linguistic"
  },
  "capitalize-first-letter": {
    "zs": 0.02,
    "icl_mean": 0.9533333333333333,
    "icl_all": [
      0.94,
      0.94,
      0.98
    ],
    "family": "linguistic"
  },
  "capitalize-last-letter": {
    "zs": 0.0,
    "icl_mean": 0.16,
    "icl_all": [
      0.18,
      0.18,
      0.12
    ],
    "family": "linguistic"
  },
  "lowercase-first-letter": {
    "zs": 0.0,
    "icl_mean": 0.9066666666666667,
    "icl_all": [
      0.9,
      0.9,
      0.92
    ],
    "family": "linguistic"
  },
  "english-french": {
    "zs": 0.0,
    "icl_mean": 0.6933333333333334,
    "icl_all": [
      0.64,
      0.72,
      0.72
    ],
    "family": "translation"
  },
  "english-german": {
    "zs": 0.0,
    "icl_mean": 0.7333333333333334,
    "icl_all": [
      0.74,
      0.72,
      0.74
    ],
    "family": "translation"
  },
  "english-spanish": {
    "zs": 0.0,
    "icl_mean": 0.8066666666666666,
    "icl_all": [
      0.8,
      0.84,
      0.78
    ],
    "family": "translation"
  },
  "next-item": {
    "zs": 0.0,
    "icl_mean": 0.8799999999999999,
    "icl_all": [
      0.94,
      0.86,
      0.84
    ],
    "family": "algorithmic"
  },
  "prev-item": {
    "zs": 0.0,
    "icl_mean": 0.7866666666666666,
    "icl_all": [
      0.8,
      0.74,
      0.82
    ],
    "family": "algorithmic"
  },
  "next-capital-letter": {
    "zs": 0.0,
    "icl_mean": 0.05333333333333334,
    "icl_all": [
      0.08,
      0.02,
      0.06
    ],
    "family": "algorithmic"
  },
  "word-length": {
    "zs": 0.0,
    "icl_mean": 0.2866666666666667,
    "icl_all": [
      0.28,
      0.3,
      0.28
    ],
    "family": "algorithmic"
  },
  "alphabetically-first": {
    "zs": 0.18,
    "icl_mean": 0.20000000000000004,
    "icl_all": [
      0.26,
      0.14,
      0.2
    ],
    "family": "algorithmic"
  },
  "alphabetically-last": {
    "zs": 0.18,
    "icl_mean": 0.22666666666666666,
    "icl_all": [
      0.24,
      0.22,
      0.22
    ],
    "family": "algorithmic"
  },
  "choose-first-of-list": {
    "zs": 0.82,
    "icl_mean": 0.9933333333333333,
    "icl_all": [
      1.0,
      1.0,
      0.98
    ],
    "family": "algorithmic"
  },
  "choose-last-of-list": {
    "zs": 0.0,
    "icl_mean": 0.9666666666666667,
    "icl_all": [
      0.94,
      0.96,
      1.0
    ],
    "family": "algorithmic"
  },
  "choose-middle-of-list": {
    "zs": 0.04,
    "icl_mean": 0.3866666666666667,
    "icl_all": [
      0.36,
      0.44,
      0.36
    ],
    "family": "algorithmic"
  },
  "animal-from-list": {
    "zs": 0.24,
    "icl_mean": 0.7200000000000001,
    "icl_all": [
      0.68,
      0.7,
      0.78
    ],
    "family": "selection"
  },
  "color-from-list": {
    "zs": 0.14,
    "icl_mean": 0.7933333333333333,
    "icl_all": [
      0.82,
      0.78,
      0.78
    ],
    "family": "selection"
  },
  "fruit-from-list": {
    "zs": 0.32,
    "icl_mean": 0.52,
    "icl_all": [
      0.54,
      0.52,
      0.5
    ],
    "family": "selection"
  },
  "verb-from-list": {
    "zs": 0.08,
    "icl_mean": 0.86,
    "icl_all": [
      0.86,
      0.9,
      0.82
    ],
    "family": "selection"
  }
}