{
  "country-capital": {
    "zs": 0.0,
    "icl_mean": 0.9183673469387755,
    "icl_all": [
      0.9183673469387755,
      0.9183673469387755,
      0.9183673469387755
    ],
    "family": "knowledge"
  },
  "country-currency": {
    "zs": 0.0,
    "icl_mean": 0.5850340136054422,
    "icl_all": [
      0.6122448979591837,
      0.5714285714285714,
      0.5714285714285714
    ],
    "family": "knowledge"
  },
  "landmark-country": {
    "zs": 0.0,
    "icl_mean": 0.82,
    "icl_all": [
      0.82,
      0.82,
      0.82
    ],
    "family": "knowledge"
  },
  "park-country": {
    "zs": 0.02,
    "icl_mean": 0.68,
    "icl_all": [
      0.7,
      0.66,
      0.68
    ],
    "family": "knowledge"
  },
  "person-occupation": {
    "zs": 0.04,
    "icl_mean": 0.28,
    "icl_all": [
      0.28,
      0.3,
      0.26
    ],
    "family": "knowledge"
  },
  "person-sport": {
    "zs": 0.0,
    "icl_mean": 0.9199999999999999,
    "icl_all": [
      0.9,
      0.94,
      0.92
    ],
    "family": "knowledge"
  },
  "person-instrument": {
    "zs": 0.0,
    "icl_mean": 0.5666666666666668,
    "icl_all": [
      0.54,
      0.58,
      0.58
    ],
    "family": "knowledge"
  },
  "product-company": {
    "zs": 0.0,
    "icl_mean": 0.8266666666666667,
    "icl_all": [
      0.8,
      0.8,
      0.88
    ],
    "family": "knowledge"
  },
  "antonym": {
    "zs": 0.0,
    "icl_mean": 0.5733333333333334,
    "icl_all": [
      0.58,
      0.58,
      0.56
    ],
    "family": "linguistic"
  },
  "synonym": {
    "zs": 0.08,
    "icl_mean": 0.48666666666666664,
    "icl_all": [
      0.48,
      0.52,
      0.46
    ],
    "family": "linguistic"
  },
  "present-past": {
    "zs": 0.0,
    "icl_mean": 0.9933333333333333,
    "icl_all": [
      1.0,
      1.0,
      0.98
    ],
    "family": "linguistic"
  },
  "singular-plural": {
    "zs": 0.0,
    "icl_mean": 0.98,
    "icl_all": [
      0.98,
      0.98,
      0.98
    ],
    "family": "linguistic"
  },
  "capitalize": {
    "zs": 0.14,
    "icl_mean": 1.0,
    "icl_all": [
      1.0,
      1.0,
      1.0
    ],
    "family": "linguistic"
  },
  "capitalize-first-letter": {
    "zs": 0.0,
    "icl_mean": 0.9866666666666667,
    "icl_all": [
      0.98,
      0.98,
      1.0
    ],
    "family": "linguistic"
  }
}