{
  "country-capital": {
    "zs": 0.0,
    "icl_mean": 0.9183673469387755,
    "icl_all": [
      0.9183673469387755,
      0.9183673469387755,
      0.9183673469387755
    ],
    "family": "knowledge"
  },
  "country-currency": {
    "zs": 0.0,
    "icl_mean": 0.5850340136054422,
    "icl_all": [
      0.6122448979591837,
      0.5714285714285714,
      0.5714285714285714
    ],
    "family": "knowledge"
  },
  "landmark-country": {
    "zs": 0.0,
    "icl_mean": 0.82,
    "icl_all": [
      0.82,
      0.82,
      0.82
    ],
    "family": "knowledge"
  },
  "park-country": {
    "zs": 0.02,
    "icl_mean": 0.68,
    "icl_all": [
      0.7,
      0.66,
      0.68
    ],
    "family": "knowledge"
  },
  "person-occupation": {
    "zs": 0.04,
    "icl_mean": 0.28,
    "icl_all": [
      0.28,
      0.3,
      0.26
    ],
    "family": "knowledge"
  },
  "person-sport": {
    "zs": 0.0,
    "icl_mean": 0.9199999999999999,
    "icl_all": [
      0.9,
      0.94,
      0.92
    ],
    "family": "knowledge"
  },
  "person-instrument": {
    "zs": 0.0,
    "icl_mean": 0.5666666666666668,
    "icl_all": [
      0.54,
      0.58,
      0.58
    ],
    "family": "knowledge"
  },
  "product-company": {
    "zs": 0.0,
    "icl_mean": 0.8266666666666667,
    "icl_all": [
      0.8,
      0.8,
      0.88
    ],
    "family": "knowledge"
  },
  "antonym": {
    "zs": 0.0,
    "icl_mean": 0.5733333333333334,
    "icl_all": [
      0.58,
      0.58,
      0.56
    ],
    "family": "linguistic"
  },
  "synonym": {
    "zs": 0.08,
    "icl_mean": 0.48666666666666664,
    "icl_all": [
      0.48,
      0.52,
      0.46
    ],
    "family": "linguistic"
  },
  "present-past": {
    "zs": 0.0,
    "icl_mean": 0.9933333333333333,
    "icl_all": [
      1.0,
      1.0,
      0.98
    ],
    "family": "linguistic"
  },
  "singular-plural": {
    "zs": 0.0,
    "icl_mean": 0.98,
    "icl_all": [
      0.98,
      0.98,
      0.98
    ],
    "family": "linguistic"
  },
  "capitalize": {
    "zs": 0.14,
    "icl_mean": 1.0,
    "icl_all": [
      1.0,
      1.0,
      1.0
    ],
    "family": "linguistic"
  },
  "capitalize-first-letter": {
    "zs": 0.0,
    "icl_mean": 0.9866666666666667,
    "icl_all": [
      0.98,
      0.98,
      1.0
    ],
    "family": "linguistic"
  },
  "capitalize-last-letter": {
    "zs": 0.06,
    "icl_mean": 0.3066666666666667,
    "icl_all": [
      0.32,
      0.32,
      0.28
    ],
    "family": "linguistic"
  },
  "lowercase-first-letter": {
    "zs": 0.06,
    "icl_mean": 0.9666666666666667,
    "icl_all": [
      0.96,
      0.96,
      0.98
    ],
    "family": "linguistic"
  },
  "english-french": {
    "zs": 0.0,
    "icl_mean": 0.7666666666666666,
    "icl_all": [
      0.74,
      0.8,
      0.76
    ],
    "family": "translation"
  },
  "english-german": {
    "zs": 0.0,
    "icl_mean": 0.6733333333333333,
    "icl_all": [
      0.7,
      0.7,
      0.62
    ],
    "family": "translation"
  },
  "english-spanish": {
    "zs": 0.0,
    "icl_mean": 0.8733333333333334,
    "icl_all": [
      0.92,
      0.84,
      0.86
    ],
    "family": "translation"
  },
  "next-item": {
    "zs": 0.0,
    "icl_mean": 0.9333333333333332,
    "icl_all": [
      0.94,
      0.92,
      0.94
    ],
    "family": "algorithmic"
  },
  "prev-item": {
    "zs": 0.0,
    "icl_mean": 0.64,
    "icl_all": [
      0.64,
      0.6,
      0.68
    ],
    "family": "algorithmic"
  },
  "next-capital-letter": {
    "zs": 0.0,
    "icl_mean": 0.04666666666666666,
    "icl_all": [
      0.0,
      0.02,
      0.12
    ],
    "family": "algorithmic"
  },
  "word-length": {
    "zs": 0.0,
    "icl_mean": 0.18000000000000002,
    "icl_all": [
      0.2,
      0.1,
      0.24
    ],
    "family": "algorithmic"
  },
  "alphabetically-first": {
    "zs": 0.0,
    "icl_mean": 0.21999999999999997,
    "icl_all": [
      0.16,
      0.3,
      0.2
    ],
    "family": "algorithmic"
  },
  "alphabetically-last": {
    "zs": 0.04,
    "icl_mean": 0.18000000000000002,
    "icl_all": [
      0.16,
      0.22,
      0.16
    ],
    "family": "algorithmic"
  },
  "choose-first-of-list": {
    "zs": 0.06,
    "icl_mean": 0.9866666666666667,
    "icl_all": [
      1.0,
      1.0,
      0.96
    ],
    "family": "algorithmic"
  },
  "choose-last-of-list": {
    "zs": 0.0,
    "icl_mean": 0.7466666666666667,
    "icl_all": [
      0.72,
      0.76,
      0.76
    ],
    "family": "algorithmic"
  },
  "choose-middle-of-list": {
    "zs": 0.0,
    "icl_mean": 0.2333333333333333,
    "icl_all": [
      0.26,
      0.2,
      0.24
    ],
    "family": "algorithmic"
  },
  "animal-from-list": {
    "zs": 0.0,
    "icl_mean": 0.86,
    "icl_all": [
      0.92,
      0.84,
      0.82
    ],
    "family": "selection"
  },
  "color-from-list": {
    "zs": 0.0,
    "icl_mean": 0.9333333333333332,
    "icl_all": [
      0.92,
      0.92,
      0.96
    ],
    "family": "selection"
  },
  "fruit-from-list": {
    "zs": 0.0,
    "icl_mean": 0.82,
    "icl_all": [
      0.92,
      0.82,
      0.72
    ],
    "family": "selection"
  },
  "verb-from-list": {
    "zs": 0.02,
    "icl_mean": 0.6933333333333334,
    "icl_all": [
      0.64,
      0.66,
      0.78
    ],
    "family": "selection"
  }
}